[{"Title":"Egzotyka","Type":"CD","Duration":"00:11:12","Songs":[{"Title":"Szejk","Duration":"00:03:13","Performers":["Quebonafide","Czes\u0142aw Mi\u0142osz","KrzyKrzysztof"],"Composer":"Quebonafide","TrackNumber":1},{"Title":"Madagaskar","Duration":"00:03:44","Performers":["Quebonafide","Fr0st"],"Composer":"Quebonafide","TrackNumber":2},{"Title":"Bollywood","Duration":"00:04:15","Performers":["Quebonafide","KrzyKrzysztof","Solar"],"Composer":"Quebonafide","TrackNumber":3}],"Performers":["Quebonafide","Czes\u0142aw Mi\u0142osz","KrzyKrzysztof","Fr0st","Solar"],"DiscNumber":5},{"Title":"Romantic Psycho","Type":"CD","Duration":"00:15:34","Songs":[{"Title":"Aspartam","Duration":"00:04:30","Performers":["Quebonafide"],"Composer":"Quebonafide","TrackNumber":1},{"Title":"Jesie\u0144","Duration":"00:03:45","Performers":["Quebonafide","Natalia Szroder"],"Composer":"Quebonafide","TrackNumber":2},{"Title":"Przytobie","Duration":"00:03:20","Performers":["Quebonafide"],"Composer":"Quebonafide","TrackNumber":3},{"Title":"Kurde Najs","Duration":"00:03:59","Performers":["Quebonafide","Taco Hemingway"],"Composer":"Quebonafide","TrackNumber":12}],"Performers":["Quebonafide","Natalia Szroder","Taco Hemingway"],"DiscNumber":2}]